Date,PM2.5,CO,SO2,PM10,O3,NO2,CAQI,CAQI_Opis
2023-01-01 00:00:00,16.5,0.36593,1.05491,26.8,38.9139,,27.5,Dobry
2023-01-01 01:00:00,41.9865,0.37316,2.16542,43.4711,32.935,,61.9865,Umiarkowany
2023-01-01 02:00:00,24.0936,0.35385,1.26231,24.2918,35.6239,,40.156,Dobry
2023-01-01 03:00:00,24.1389,0.35197,3.15816,24.4305,36.3706,,40.2315,Dobry
2023-01-01 04:00:00,23.6761,0.33072,1.546,23.9835,38.6078,,39.460166666666666,Dobry
2023-01-01 05:00:00,23.1943,0.32204,1.25101,23.5146,41.0894,,38.65716666666667,Dobry
2023-01-01 06:00:00,20.7749,0.31439,1.0005,21.0566,41.7933,,34.62483333333333,Dobry
2023-01-01 07:00:00,20.055,0.29444,0.93044,20.2885,42.875,,33.425,Dobry
2023-01-01 08:00:00,20.8078,0.28992,1.27369,21.1209,42.8383,,34.67966666666667,Dobry
2023-01-01 09:00:00,21.0659,0.28876,1.08475,21.5578,45.465,,35.109833333333334,Dobry
2023-01-01 10:00:00,21.2478,0.2866,0.98157,21.7829,47.946,,35.413000000000004,Dobry
2023-01-01 11:00:00,22.4663,0.29652,0.91647,23.5493,50.5172,,37.44383333333333,Dobry
2023-01-01 12:00:00,21.9865,0.29421,0.83739,23.5937,50.8994,,36.64416666666666,Dobry
2023-01-01 13:00:00,20.8903,0.29749,0.48752,22.4424,51.1389,,34.817166666666665,Dobry
2023-01-01 14:00:00,19.5167,0.31191,0.79518,21.4701,52.8856,,32.527833333333334,Dobry
2023-01-01 15:00:00,18.9109,0.33475,1.34828,21.0454,52.1467,,31.51816666666667,Dobry
2023-01-01 16:00:00,18.7194,0.31658,2.20488,20.153,51.3222,,31.199,Dobry
2023-01-01 17:00:00,19.7583,0.32141,2.09332,20.6575,48.3822,,32.930499999999995,Dobry
2023-01-01 18:00:00,20.0409,0.32657,2.42267,21.0518,48.7794,,33.4015,Dobry
2023-01-01 19:00:00,22.9911,0.34925,2.21547,23.9166,50.9056,,38.3185,Dobry
2023-01-01 20:00:00,21.5007,0.33758,2.3671,22.1333,49.5961,,35.8345,Dobry
2023-01-01 21:00:00,20.5936,0.31074,2.7498,21.5672,51.5639,,34.32266666666666,Dobry
2023-01-01 22:00:00,20.5792,0.2982,2.47513,21.2939,53.8328,,34.29866666666667,Dobry
2023-01-01 23:00:00,17.9501,0.27477,2.14011,18.4991,53.8733,,29.916833333333333,Dobry
2023-01-02 00:00:00,16.2348,0.26554,1.89867,16.7429,53.6028,,27.058,Dobry
2023-01-02 01:00:00,14.2848,0.25745,1.80659,14.6983,54.9306,,23.808000000000003,Bardzo dobry
2023-01-02 02:00:00,16.345,0.26144,1.84449,16.8761,53.5044,,27.241666666666664,Dobry
2023-01-02 03:00:00,17.3637,0.26768,1.96681,17.8899,54.5017,,28.939500000000002,Dobry
2023-01-02 04:00:00,19.6312,0.26792,1.96858,20.1844,53.6383,,32.718666666666664,Dobry
2023-01-02 05:00:00,20.6434,0.26669,2.10478,21.2279,50.6739,,34.40566666666667,Dobry
2023-01-02 06:00:00,20.392,0.27936,1.71323,20.8891,45.3022,,33.986666666666665,Dobry
2023-01-02 07:00:00,22.4023,0.33411,1.94035,22.9218,34.1828,,37.33716666666667,Dobry
2023-01-02 08:00:00,26.4079,0.40269,2.35204,27.7797,27.53,,44.01316666666667,Dobry
2023-01-02 09:00:00,20.6737,0.39748,2.73964,21.641,32.4861,23.2965,34.45616666666667,Dobry
2023-01-02 10:00:00,18.3324,0.32886,3.32912,19.3523,42.5172,10.4888,30.554000000000002,Dobry
2023-01-02 11:00:00,14.474,0.277,4.06599,15.5374,53.4194,7.02326,24.123333333333335,Bardzo dobry
2023-01-02 12:00:00,12.9406,0.27867,4.93132,15.1571,58.1172,7.29094,24.2155,Bardzo dobry
2023-01-02 13:00:00,13.639,0.27814,8.08445,18.9714,62.8617,9.10309,26.192375,Dobry
2023-01-02 14:00:00,13.6891,0.30435,8.10175,19.3791,62.1683,10.5063,25.903458333333333,Dobry
2023-01-02 15:00:00,13.8534,0.28981,9.56556,18.3882,64.1311,11.9074,26.72129166666667,Dobry
2023-01-02 16:00:00,13.6387,0.32235,9.46844,16.5203,55.2528,9.332,23.022,Bardzo dobry
2023-01-02 17:00:00,15.4898,0.3196,12.5275,17.7621,55.5422,8.50824,25.816333333333333,Dobry
2023-01-02 18:00:00,17.3596,0.34133,9.47451,19.4544,53.7617,14.0191,28.932666666666666,Dobry
2023-01-02 19:00:00,17.7065,0.33549,6.01203,18.7909,54.2867,12.8793,29.51083333333333,Dobry
2023-01-02 20:00:00,19.8727,0.34256,4.24698,20.7642,49.7222,8.54808,33.12116666666667,Dobry
2023-01-02 21:00:00,24.6507,0.37275,3.44157,25.2931,44.7272,13.1921,41.084500000000006,Dobry
2023-01-02 22:00:00,25.106,0.35899,3.05117,25.588,43.9061,13.4667,41.843333333333334,Dobry
2023-01-02 23:00:00,24.1225,0.36152,2.83063,24.5599,45.3294,14.6118,40.204166666666666,Dobry
2023-01-03 00:00:00,21.7051,0.33203,2.49545,22.0053,43.3128,8.58207,36.17516666666667,Dobry
2023-01-03 01:00:00,19.7329,0.31619,2.52587,19.9935,44.6972,6.30891,32.88816666666667,Dobry
2023-01-03 02:00:00,19.0937,0.30548,2.4835,19.3474,43.4117,4.87863,31.82283333333333,Dobry
2023-01-03 03:00:00,19.9108,0.32459,2.08317,20.2274,41.0161,8.08017,33.184666666666665,Dobry
2023-01-03 04:00:00,20.518,0.33485,2.46556,20.7882,40.3272,7.08487,34.19666666666667,Dobry
2023-01-03 05:00:00,20.6356,0.32984,2.3917,20.8842,39.0328,8.12425,34.39266666666667,Dobry
2023-01-03 06:00:00,20.3297,0.34919,2.22073,20.5939,33.6356,12.7508,33.88283333333333,Dobry
2023-01-03 07:00:00,17.1763,0.39173,2.15768,18.6503,31.9867,23.8021,28.627166666666668,Dobry
2023-01-03 08:00:00,18.25,0.50675,3.03676,22.5517,28.7417,34.829,30.416666666666668,Dobry
2023-01-03 09:00:00,19.1133,0.45238,3.10777,24.2217,32.3325,30.8967,31.8555,Dobry
2023-01-03 10:00:00,19.2992,0.41856,2.93884,24.986,35.8283,33.5039,32.16533333333333,Dobry
2023-01-03 11:00:00,19.4996,0.39563,3.43124,25.4808,41.4972,29.7729,32.49933333333333,Dobry
2023-01-03 12:00:00,16.8383,0.37359,,23.3318,53.6767,31.4161,28.063833333333335,Dobry
2023-01-03 13:00:00,15.4466,0.36036,3.05681,24.9462,58.6533,33.3584,25.744333333333334,Dobry
2023-01-03 14:00:00,14.9797,0.38435,2.663,26.4006,62.8667,35.7404,26.4006,Dobry
2023-01-03 15:00:00,14.8047,0.43031,2.86532,27.3239,59.7372,43.5361,27.3239,Dobry
2023-01-03 16:00:00,19.0738,0.56345,2.7312,32.5488,44.5461,54.5774,32.5488,Dobry
2023-01-03 17:00:00,25.0045,0.55543,3.82252,35.6281,21.6017,45.2739,41.674166666666665,Dobry
2023-01-03 18:00:00,27.558,0.55363,3.59795,38.4402,30.6583,45.7508,45.93,Dobry
2023-01-03 19:00:00,25.1567,0.4487,3.12996,36.1137,51.2661,43.4235,41.92783333333334,Dobry
2023-01-03 20:00:00,25.7372,0.4641,3.04552,35.3214,44.5839,38.8474,42.89533333333334,Dobry
2023-01-03 21:00:00,25.2591,0.3955,3.07693,30.6382,45.1361,27.9708,42.0985,Dobry
2023-01-03 22:00:00,22.524,0.37043,2.39028,26.9934,56.4806,25.4507,37.540000000000006,Dobry
2023-01-03 23:00:00,23.2058,0.34651,2.33585,25.764,53.9989,23.3177,38.67633333333333,Dobry
2023-01-04 00:00:00,23.1416,0.30833,2.74399,24.7957,57.3078,16.6374,38.56933333333333,Dobry
2023-01-04 01:00:00,22.5741,0.27038,3.14431,23.4444,57.2072,11.7124,37.62350000000001,Dobry
2023-01-04 02:00:00,24.2084,0.27445,2.78593,24.9396,52.0417,9.73405,40.34733333333334,Dobry
2023-01-04 03:00:00,25.3283,0.29624,2.08756,25.9191,43.5867,8.95066,42.21383333333333,Dobry
2023-01-04 04:00:00,24.5593,0.31389,1.50291,25.3014,38.9439,13.1385,40.93216666666667,Dobry
2023-01-04 05:00:00,21.3888,0.2873,1.39803,22.016,25.3806,12.7763,35.647999999999996,Dobry
2023-01-04 06:00:00,24.7784,0.37825,2.24433,26.3865,11.0128,22.1456,41.29733333333334,Dobry
2023-01-04 07:00:00,27.0297,0.47783,1.39175,29.3093,8.9606,31.8766,45.049499999999995,Dobry
2023-01-04 08:00:00,24.2274,0.47469,1.45368,27.3253,3.12722,35.1387,40.379,Dobry
2023-01-04 09:00:00,26.885,0.68211,1.6556,32.1396,2.85611,35.5211,44.80833333333334,Dobry
2023-01-04 10:00:00,26.5661,0.45654,1.96263,29.5795,10.9511,27.4312,44.27683333333333,Dobry
2023-01-04 11:00:00,27.2521,0.4549,2.84949,30.7535,22.0433,20.8879,45.42016666666667,Dobry
2023-01-04 12:00:00,29.6138,0.47073,3.60253,34.7741,36.5317,24.8792,49.35633333333334,Dobry
2023-01-04 13:00:00,23.6929,0.39344,3.28253,30.7649,49.475,21.6331,39.48816666666667,Dobry
2023-01-04 14:00:00,20.6942,0.36749,2.57054,28.1603,50.1256,20.957,34.49033333333333,Dobry
2023-01-04 15:00:00,18.771,0.34253,2.56211,24.6188,47.945,21.2655,31.285000000000004,Dobry
2023-01-04 16:00:00,18.8358,0.45488,2.59726,24.1491,36.8333,25.2558,31.393,Dobry
2023-01-04 17:00:00,21.8389,0.40193,2.82429,25.0195,39.6283,19.0752,36.39816666666667,Dobry
2023-01-04 18:00:00,22.573,0.37663,2.75857,24.9315,45.4,12.5505,37.62166666666667,Dobry
2023-01-04 19:00:00,21.2896,0.34221,2.64973,24.1046,55.3683,12.602,35.48266666666667,Dobry
2023-01-04 20:00:00,19.2502,0.32116,2.5682,20.4454,58.6322,13.6606,32.083666666666666,Dobry
2023-01-04 21:00:00,17.7417,0.29258,2.03435,18.3936,63.2917,12.5458,29.569500000000005,Dobry
2023-01-04 22:00:00,16.3248,0.27322,2.08351,16.7138,64.2917,9.84558,27.208,Dobry
2023-01-04 23:00:00,13.7365,0.28267,1.97524,13.9622,64.8083,8.34519,27.003458333333334,Dobry
2023-01-05 00:00:00,13.9913,0.25592,1.83762,14.3794,61.4306,7.90596,25.596083333333333,Dobry
2023-01-05 01:00:00,15.522,0.24567,1.7935,15.9127,56.6839,6.64351,25.87,Dobry
2023-01-05 02:00:00,15.4909,0.25548,1.96645,15.6994,53.1728,4.82499,25.818166666666666,Dobry
2023-01-05 03:00:00,15.275,0.24963,1.90213,15.5642,51.6461,5.89412,25.458333333333336,Dobry
2023-01-05 04:00:00,12.6044,0.23937,1.82698,12.7385,51.8194,4.69168,21.591416666666667,Bardzo dobry
2023-01-05 05:00:00,10.5483,0.23318,1.65882,10.7156,49.9028,4.7517,20.79283333333333,Bardzo dobry
2023-01-05 06:00:00,9.77243,0.24972,1.368,9.90967,45.9883,6.1926,19.161791666666666,Bardzo dobry
2023-01-05 07:00:00,11.567,0.29453,1.61856,11.8865,42.2033,13.2351,19.278333333333336,Bardzo dobry
2023-01-05 08:00:00,11.3017,0.36825,2.68407,11.7795,27.6828,25.9691,18.836166666666667,Bardzo dobry
2023-01-05 09:00:00,7.35619,0.38188,2.78721,8.07587,29.2711,38.8373,19.41865,Bardzo dobry
2023-01-05 10:00:00,5.78506,0.3198,2.52458,6.29801,58.6083,29.7787,24.420125,Bardzo dobry
2023-01-05 11:00:00,6.11059,0.31256,3.84428,6.57884,58.4094,25.3089,24.337249999999997,Bardzo dobry
2023-01-05 12:00:00,6.62584,0.35951,3.41828,6.98424,57.4983,29.8865,23.957625,Bardzo dobry
2023-01-05 13:00:00,7.32823,0.35469,3.14997,7.63991,56.2794,30.244,23.44975,Bardzo dobry
2023-01-05 14:00:00,7.38444,0.36473,3.02616,7.70421,57.795,33.3796,24.08125,Bardzo dobry
2023-01-05 15:00:00,6.23111,0.38453,2.3832,6.674,68.5678,35.1456,28.569916666666668,Dobry
2023-01-05 16:00:00,11.2697,0.54949,3.07595,11.9257,46.8161,38.8342,19.506708333333332,Bardzo dobry
2023-01-05 17:00:00,16.473,0.49267,3.41861,17.368,49.6283,36.0857,27.455,Dobry
2023-01-05 18:00:00,9.21507,0.38813,2.81087,9.56252,62.9656,36.3045,26.235666666666667,Dobry
2023-01-05 19:00:00,10.5948,0.38896,3.29468,11.0768,57.6467,30.0055,24.019458333333333,Bardzo dobry
2023-01-05 20:00:00,8.46743,0.32809,2.42864,8.67734,59.2894,22.6347,24.703916666666668,Bardzo dobry
2023-01-05 21:00:00,7.9787,0.27939,2.41528,8.37544,59.9906,16.8754,24.996083333333335,Bardzo dobry
2023-01-05 22:00:00,6.71436,0.23056,2.18049,7.25095,59.275,8.71485,24.697916666666668,Bardzo dobry
2023-01-05 23:00:00,6.38307,0.22015,2.08554,6.59066,54.3856,8.65855,22.660666666666664,Bardzo dobry
2023-01-06 00:00:00,7.75352,0.2172,2.44574,7.85876,51.0911,7.96757,21.287958333333332,Bardzo dobry
2023-01-06 01:00:00,8.231,0.20656,1.64136,8.41236,52.9867,4.59767,22.077791666666666,Bardzo dobry
2023-01-06 02:00:00,8.60121,0.19574,1.56092,8.78171,53.3911,3.65973,22.246291666666668,Bardzo dobry
2023-01-06 03:00:00,5.5368,0.20077,1.10864,5.60572,56.2533,2.06162,23.438875,Bardzo dobry
2023-01-06 04:00:00,5.41427,0.20834,1.39294,5.4653,54.1328,2.42702,22.555333333333337,Bardzo dobry
2023-01-06 05:00:00,6.20891,0.20813,1.48612,6.28359,50.4217,2.9422,21.00904166666667,Bardzo dobry
2023-01-06 06:00:00,7.23797,0.21618,1.77245,7.3288,46.7594,4.72355,19.483083333333333,Bardzo dobry
2023-01-06 07:00:00,8.01331,0.22975,1.39055,8.09058,46.3872,7.55171,19.328,Bardzo dobry
2023-01-06 08:00:00,9.23468,0.22599,1.45981,9.37309,43.3961,9.98155,18.08170833333333,Bardzo dobry
2023-01-06 09:00:00,12.8086,0.24646,1.97449,12.9176,40.6472,12.6849,21.34766666666667,Bardzo dobry
2023-01-06 10:00:00,12.1333,0.23903,2.24493,12.2455,45.4194,9.8971,20.222166666666666,Bardzo dobry
2023-01-06 11:00:00,10.3358,0.23172,2.3718,10.4875,51.5822,9.82168,21.492583333333336,Bardzo dobry
2023-01-06 12:00:00,10.1752,0.21835,1.67624,11.5514,59.5483,10.0097,24.811791666666668,Bardzo dobry
2023-01-06 13:00:00,12.8564,0.27429,2.18657,17.4456,57.0817,16.3698,23.784041666666667,Bardzo dobry
2023-01-06 14:00:00,17.2204,0.34356,2.40374,22.3876,53.4583,24.364,28.70066666666667,Dobry
2023-01-06 15:00:00,20.5849,0.34889,7.96347,24.0579,43.1233,20.2894,34.308166666666665,Dobry
2023-01-06 16:00:00,30.4952,0.46727,3.32471,35.6319,37.2728,26.1698,50.4952,Umiarkowany
2023-01-06 17:00:00,42.1364,0.56494,4.10692,45.6195,13.4217,29.1462,62.1364,Umiarkowany
2023-01-06 18:00:00,46.5618,0.77623,4.09545,50.5581,7.18278,36.0687,66.5618,Umiarkowany
2023-01-06 19:00:00,44.8158,0.60749,3.70552,46.4902,18.7067,24.782,64.8158,Umiarkowany
2023-01-06 20:00:00,33.4002,0.50203,2.96733,34.9378,25.5794,20.0636,53.4002,Umiarkowany
2023-01-06 21:00:00,32.2293,0.50801,2.37914,32.6952,26.0294,17.9105,52.2293,Umiarkowany
2023-01-06 22:00:00,29.9857,0.49336,2.27838,30.3367,26.0933,17.5987,49.97616666666667,Dobry
2023-01-06 23:00:00,21.7772,0.36727,2.2219,22.1125,34.8189,11.7273,36.29533333333333,Dobry
2023-01-07 00:00:00,14.6225,0.2811,1.98486,14.7352,39.4717,6.92022,24.370833333333334,Bardzo dobry
2023-01-07 01:00:00,14.3154,0.28667,2.43943,14.4368,39.8944,6.49852,23.859,Bardzo dobry
2023-01-07 02:00:00,15.2547,0.27875,2.25157,15.3418,36.7756,5.36141,25.4245,Dobry
2023-01-07 03:00:00,17.2743,0.31053,2.23682,17.3729,33.94,8.98253,28.7905,Dobry
2023-01-07 04:00:00,18.3619,0.28716,2.13889,18.5384,30.0728,9.57312,30.603166666666667,Dobry
2023-01-07 05:00:00,17.2624,0.27027,2.17097,17.4681,40.2817,11.0863,28.770666666666667,Dobry
2023-01-07 06:00:00,15.2865,0.27675,2.38156,15.4869,39.5044,17.6104,25.4775,Dobry
2023-01-07 07:00:00,23.0121,0.33076,2.35262,23.2431,17.5056,19.4757,38.3535,Dobry
2023-01-07 08:00:00,22.8809,0.53485,2.2712,23.3524,2.76611,34.9029,38.13483333333333,Dobry
2023-01-07 09:00:00,30.9096,0.51375,2.40801,31.462,0.66278,35.8626,50.9096,Umiarkowany
2023-01-07 10:00:00,35.001,0.56742,2.4092,35.8383,4.17389,33.607,55.001,Umiarkowany
2023-01-07 11:00:00,38.389,0.61044,2.86775,39.4263,13.8411,33.513,58.389,Umiarkowany
2023-01-07 12:00:00,38.0473,0.6885,3.11123,39.328,8.4817,43.9222,58.0473,Umiarkowany
2023-01-07 13:00:00,29.2966,0.62226,3.46551,30.5192,29.5044,37.6657,48.82766666666667,Dobry
2023-01-07 14:00:00,30.8455,0.59851,3.82771,35.5076,39.5361,40.3547,50.8455,Umiarkowany
2023-01-07 15:00:00,24.4402,0.37914,3.10171,28.2609,33.6611,25.0348,40.733666666666664,Dobry
2023-01-07 16:00:00,28.9057,0.42457,2.99756,31.4182,16.0656,25.5649,48.17616666666667,Dobry
2023-01-07 17:00:00,36.3187,0.52439,2.50226,39.6536,8.25,27.8646,56.3187,Umiarkowany
2023-01-07 18:00:00,46.1091,0.60725,2.25162,47.9895,10.2278,29.6953,66.1091,Umiarkowany
2023-01-07 19:00:00,48.6649,0.6633,1.98407,50.1613,3.06222,28.35,68.6649,Umiarkowany
2023-01-07 20:00:00,33.1194,0.48981,1.61711,33.9272,8.6767,20.0859,53.1194,Umiarkowany
2023-01-07 21:00:00,30.1945,0.51572,1.55527,33.1868,11.5633,22.647,50.194500000000005,Umiarkowany
2023-01-07 22:00:00,33.002,0.66805,1.30657,36.2285,14.7233,32.2224,53.002,Umiarkowany
2023-01-07 23:00:00,25.2718,0.40872,1.4059,26.0601,25.4433,11.4979,42.11966666666667,Dobry
2023-01-08 00:00:00,22.9778,0.37443,1.37632,23.711,26.4739,10.125,38.29633333333333,Dobry
2023-01-08 01:00:00,18.9065,0.44784,1.24324,19.5634,21.7694,9.10203,31.510833333333338,Dobry
2023-01-08 02:00:00,17.5928,0.34566,0.92116,18.7708,28.4006,10.2105,29.321333333333335,Dobry
2023-01-08 03:00:00,14.2232,0.28975,1.0552,14.978,33.3061,6.32697,23.705333333333336,Bardzo dobry
2023-01-08 04:00:00,13.453,0.27693,1.17747,14.3411,36.9994,7.90065,22.421666666666667,Bardzo dobry
2023-01-08 05:00:00,22.1091,0.41054,1.17859,25.8216,37.6528,18.3853,36.8485,Dobry
2023-01-08 06:00:00,25.8228,0.44558,1.58343,28.2246,30.1922,14.8104,43.038000000000004,Dobry
2023-01-08 07:00:00,25.8285,0.46293,1.43186,31.4799,27.4194,17.1632,43.0475,Dobry
2023-01-08 08:00:00,24.1804,0.45363,1.67353,29.7087,24.6772,21.0095,40.300666666666665,Dobry
2023-01-08 09:00:00,28.7612,0.46277,2.03093,34.3361,21.0289,18.8299,47.93533333333333,Dobry
2023-01-08 10:00:00,29.0267,0.50247,1.95616,36.4951,21.6861,21.026,48.37783333333334,Dobry
2023-01-08 11:00:00,26.054,0.46245,2.05126,33.1357,24.9656,20.0349,43.42333333333333,Dobry
2023-01-08 12:00:00,33.9749,0.57314,2.22548,44.1593,26.9144,23.4319,53.9749,Umiarkowany
2023-01-08 13:00:00,25.0893,0.4704,2.67415,29.6435,28.7439,16.5052,41.8155,Dobry
2023-01-08 14:00:00,21.7565,0.36814,3.70055,23.852,35.6467,10.5084,36.26083333333333,Dobry
2023-01-08 15:00:00,20.3358,0.35181,3.89213,21.9954,42.7056,10.8329,33.893,Dobry
2023-01-08 16:00:00,20.7597,0.34636,3.27055,23.327,50.2344,13.4439,34.5995,Dobry
2023-01-08 17:00:00,25.8044,0.41036,3.21093,29.7081,45.1806,20.7838,43.007333333333335,Dobry
2023-01-08 18:00:00,25.9096,0.39554,2.9982,28.0314,42.2378,14.642,43.18266666666667,Dobry
2023-01-08 19:00:00,29.042,0.46437,2.691,31.8515,28.2922,23.203,48.403333333333336,Dobry
2023-01-08 20:00:00,34.1801,0.57946,2.45415,37.9882,7.79,32.5453,54.1801,Umiarkowany
2023-01-08 21:00:00,30.5993,0.5032,3.37633,34.5867,27.9856,23.9407,50.5993,Umiarkowany
2023-01-08 22:00:00,30.3998,0.405,4.89114,32.5444,39.4944,14.3945,50.3998,Umiarkowany
2023-01-08 23:00:00,32.1439,0.39076,4.80239,35.8426,42.0628,16.0984,52.1439,Umiarkowany
2023-01-09 00:00:00,34.3338,0.49705,6.19299,39.9318,44.6739,24.5499,54.3338,Umiarkowany
2023-01-09 01:00:00,29.3999,0.38832,6.93531,32.8769,47.6011,14.5624,48.99983333333333,Dobry
2023-01-09 02:00:00,23.1494,0.30148,7.00569,24.8627,52.3911,10.0028,38.58233333333334,Dobry
2023-01-09 03:00:00,22.124,0.25602,7.34371,22.5715,53.1039,2.19174,36.873333333333335,Dobry
2023-01-09 04:00:00,22.5499,0.26369,6.88437,22.9608,51.4306,2.35798,37.58316666666667,Dobry
2023-01-09 05:00:00,22.3931,0.25268,5.84196,22.7924,53.02,2.56352,37.32183333333333,Dobry
2023-01-09 06:00:00,21.7651,0.26421,5.11228,22.3204,49.0317,6.11081,36.275166666666664,Dobry
2023-01-09 07:00:00,23.6029,0.32665,5.13045,24.3307,43.1567,11.9663,39.338166666666666,Dobry
2023-01-09 08:00:00,22.3754,0.36001,5.49832,24.5671,37.3528,18.8862,37.29233333333333,Dobry
2023-01-09 09:00:00,20.5792,0.3294,5.03836,23.0582,36.0983,20.0185,34.29866666666667,Dobry
2023-01-09 10:00:00,16.2758,0.27825,3.99548,16.8034,51.3844,11.9127,27.126333333333335,Dobry
2023-01-09 11:00:00,16.657,0.3026,3.36235,17.3645,50.4544,13.198,27.761666666666667,Dobry
2023-01-09 12:00:00,16.9845,0.31768,4.15621,17.7604,51.2539,11.7162,28.3075,Dobry
2023-01-09 13:00:00,17.1235,0.3225,5.28266,18.1684,54.4372,12.1873,28.539166666666667,Dobry
2023-01-09 14:00:00,16.8429,0.31109,5.5829,17.9951,56.1572,12.8023,28.0715,Dobry
2023-01-09 15:00:00,16.6434,0.29964,5.55166,19.9038,52.5194,15.2316,27.739,Dobry
2023-01-09 16:00:00,17.6592,0.35679,6.0418,21.8386,52.2561,16.5147,29.432,Dobry
2023-01-09 17:00:00,19.6409,0.345,5.83781,23.9596,43.775,17.4038,32.73483333333333,Dobry
2023-01-09 18:00:00,20.8473,0.35291,5.52222,24.1648,46.6144,13.9845,34.7455,Dobry
2023-01-09 19:00:00,20.8773,0.32425,4.72918,23.4325,48.1289,11.2721,34.795500000000004,Dobry
2023-01-09 20:00:00,22.0329,0.32646,3.75314,24.2219,46.2572,12.3625,36.721500000000006,Dobry
2023-01-09 21:00:00,22.7671,0.34487,3.58288,25.3337,43.6317,13.5878,37.945166666666665,Dobry
2023-01-09 22:00:00,22.7771,0.33926,3.86709,24.811,46.1117,12.1559,37.96183333333333,Dobry
2023-01-09 23:00:00,22.7607,0.34345,3.76235,24.8301,44.78,13.062,37.9345,Dobry
2023-01-10 00:00:00,23.1139,0.39259,2.63968,24.9996,41.9028,16.716,38.52316666666667,Dobry
2023-01-10 01:00:00,22.5713,0.41298,2.8851,25.8412,36.5694,22.7712,37.618833333333335,Dobry
2023-01-10 02:00:00,30.2536,0.50302,3.48777,32.2114,28.6656,25.0911,50.2536,Umiarkowany
2023-01-10 03:00:00,33.8604,0.62133,2.53956,34.5068,30.2778,19.0418,53.8604,Umiarkowany
2023-01-10 04:00:00,41.3849,0.64003,1.6233,42.0253,26.045,19.927,61.3849,Umiarkowany
2023-01-10 05:00:00,43.7441,0.6217,1.5105,44.322,5.91889,24.4012,63.7441,Umiarkowany
2023-01-10 06:00:00,39.5783,0.63807,1.32873,40.4191,2.11944,27.0738,59.5783,Umiarkowany
2023-01-10 07:00:00,37.6121,0.75844,1.32504,38.8425,1.45944,31.0491,57.6121,Umiarkowany
2023-01-10 08:00:00,37.1863,0.71846,0.99034,37.9775,0.97667,34.2847,57.1863,Umiarkowany
2023-01-10 09:00:00,35.4894,0.79999,1.28484,36.3458,4.36167,33.7684,55.4894,Umiarkowany
2023-01-10 10:00:00,30.5774,0.70918,1.76995,32.7748,5.63778,37.1755,50.5774,Umiarkowany
2023-01-10 11:00:00,28.141,0.67498,1.60861,30.018,7.30111,35.6225,46.901666666666664,Dobry
2023-01-10 12:00:00,25.4762,0.64598,1.14117,26.8164,6.96278,33.8141,42.46033333333333,Dobry
2023-01-10 13:00:00,21.6996,0.67137,1.59118,22.8388,5.98,33.9097,36.166,Dobry
2023-01-10 14:00:00,23.9731,0.64097,1.63345,26.4666,4.96722,33.0849,39.95516666666666,Dobry
2023-01-10 15:00:00,23.598,0.52167,1.45434,24.3131,3.96667,25.9823,39.33,Dobry
2023-01-10 16:00:00,26.9971,0.68706,1.23901,27.3864,8.29944,39.907,44.99516666666666,Dobry
2023-01-10 17:00:00,21.5786,0.47945,1.33261,21.9381,9.11333,29.5626,35.964333333333336,Dobry
2023-01-10 18:00:00,19.2069,0.39308,1.41478,19.4457,11.1906,24.8203,32.0115,Dobry
2023-01-10 19:00:00,20.608,0.39958,1.59998,20.7821,16.3672,25.0008,34.346666666666664,Dobry
2023-01-10 20:00:00,20.6778,0.37108,1.51985,20.9087,23.2089,23.3831,34.463,Dobry
2023-01-10 21:00:00,23.7548,0.29464,1.21894,24.0547,28.5978,17.1962,39.59133333333333,Dobry
2023-01-10 22:00:00,27.767,0.27126,1.03293,28.1303,35.8083,17.5658,46.278333333333336,Dobry
2023-01-10 23:00:00,31.5434,0.25121,0.96245,32.261,36.0428,15.7367,51.5434,Umiarkowany
2023-01-11 00:00:00,32.498,0.29562,1.85485,33.2272,34.7761,15.0452,52.498,Umiarkowany
2023-01-11 01:00:00,33.006,0.32611,0.98477,33.754,35.925,12.1145,53.006,Umiarkowany
2023-01-11 02:00:00,32.9345,0.31858,0.91111,33.521,38.4983,10.8005,52.9345,Umiarkowany
2023-01-11 03:00:00,33.7652,0.32257,1.14545,34.5146,36.7144,11.2435,53.7652,Umiarkowany
2023-01-11 04:00:00,34.3408,0.32436,1.28257,35.3366,34.5833,13.105,54.3408,Umiarkowany
2023-01-11 05:00:00,33.7344,0.32978,1.52506,35.0177,34.0922,17.1138,53.7344,Umiarkowany
2023-01-11 06:00:00,34.4033,0.35748,1.45753,35.8822,29.6839,22.6347,54.4033,Umiarkowany
2023-01-11 07:00:00,37.2491,0.46043,1.44441,39.4064,24.2167,32.217,57.2491,Umiarkowany
2023-01-11 08:00:00,37.9844,0.65612,1.5267,39.7473,10.8761,43.6859,57.9844,Umiarkowany
2023-01-11 09:00:00,42.359,0.63497,1.66774,46.579,4.13778,43.6327,62.359,Umiarkowany
2023-01-11 10:00:00,39.2216,0.49765,1.67874,44.2407,10.895,34.2825,59.2216,Umiarkowany
2023-01-11 11:00:00,43.5339,0.51224,1.73616,45.4482,8.79333,33.2251,63.5339,Umiarkowany
2023-01-11 12:00:00,34.9451,0.51013,1.85568,37.0018,13.1478,22.6432,54.9451,Umiarkowany
2023-01-11 13:00:00,27.774,0.5557,1.63432,33.5697,21.9561,24.0539,46.290000000000006,Dobry
2023-01-11 14:00:00,28.1629,0.69869,2.03854,39.3733,24.7256,35.7107,46.93816666666667,Dobry
2023-01-11 15:00:00,35.9854,0.85432,2.33582,51.2863,24.4078,43.1887,55.9854,Umiarkowany
2023-01-11 16:00:00,24.672,0.61484,2.13872,31.8103,22.1667,28.7494,41.120000000000005,Dobry
2023-01-11 17:00:00,24.2222,0.48496,2.12958,28.8097,13.8828,22.6077,40.370333333333335,Dobry
2023-01-11 18:00:00,24.8387,0.47502,1.87872,28.079,11.8956,17.6014,41.39783333333334,Dobry
2023-01-11 19:00:00,27.2598,0.48587,1.99161,31.4271,12.5683,18.0327,45.433,Dobry
2023-01-11 20:00:00,22.947,0.43428,1.98147,25.1475,10.765,14.9947,38.245,Dobry
2023-01-11 21:00:00,26.0428,0.52069,1.47221,28.1895,5.09111,17.0841,43.40466666666667,Dobry
2023-01-11 22:00:00,22.5233,0.46595,1.44334,24.8335,5.95111,16.5939,37.53883333333333,Dobry
2023-01-11 23:00:00,28.6511,0.66231,1.04109,31.5341,6.15611,20.2485,47.75183333333334,Dobry
2023-01-12 00:00:00,46.9686,0.92896,0.93424,51.1857,0.96889,21.7669,66.96860000000001,Umiarkowany
2023-01-12 01:00:00,46.7039,0.8829,0.49245,50.257,1.04333,17.9445,66.7039,Umiarkowany
2023-01-12 02:00:00,36.9536,0.71904,0.53934,38.6756,1.11556,17.449,56.9536,Umiarkowany
2023-01-12 03:00:00,26.9355,0.58549,0.4815,29.2265,0.99111,16.6656,44.8925,Dobry
2023-01-12 04:00:00,29.1836,0.69131,0.70734,31.9623,6.02556,15.3298,48.63933333333333,Dobry
2023-01-12 05:00:00,26.6838,0.65811,0.91475,33.8737,22.4533,19.7609,44.473,Dobry
2023-01-12 06:00:00,16.2734,0.37591,1.15242,16.9934,22.405,13.4067,27.12233333333333,Dobry
2023-01-12 07:00:00,18.5306,0.48125,1.1917,19.4158,11.695,24.6333,30.884333333333334,Dobry
2023-01-12 08:00:00,22.2143,0.54337,1.47667,22.9747,11.1939,30.902,37.023833333333336,Dobry
2023-01-12 09:00:00,29.1741,0.52586,1.57833,30.954,14.315,27.6798,48.6235,Dobry
2023-01-12 10:00:00,27.3146,0.46806,1.83398,29.3232,20.3972,24.0278,45.52433333333333,Dobry
2023-01-12 11:00:00,25.2813,0.50541,1.73824,26.4859,18.865,27.3818,42.13550000000001,Dobry
2023-01-12 12:00:00,24.9278,0.50423,1.73038,26.5287,19.3283,25.9043,41.54633333333334,Dobry
2023-01-12 13:00:00,24.8828,0.47789,1.48838,26.2238,25.0867,26.1783,41.471333333333334,Dobry
2023-01-12 14:00:00,19.5005,0.44937,1.19696,25.008,31.5083,19.6403,32.50083333333333,Dobry
2023-01-12 15:00:00,20.9869,0.45211,1.02913,25.3199,29.7911,21.8896,34.97816666666667,Dobry
2023-01-12 16:00:00,22.0116,0.50308,1.31198,24.4163,33.0078,21.5003,36.68600000000001,Dobry
2023-01-12 17:00:00,21.4052,0.43557,1.15601,23.8468,28.22,19.9059,35.675333333333334,Dobry
2023-01-12 18:00:00,24.9959,0.4723,1.12632,27.4251,25.8644,22.6183,41.65983333333333,Dobry
2023-01-12 19:00:00,28.7159,0.48254,1.56353,30.3854,30.5217,19.8326,47.85983333333334,Dobry
2023-01-12 20:00:00,25.1858,0.40497,1.36704,26.5993,35.6278,14.8444,41.976333333333336,Dobry
2023-01-12 21:00:00,24.5547,0.39284,1.37801,26.3216,38.3767,15.358,40.9245,Dobry
2023-01-12 22:00:00,22.806,0.35957,1.22673,23.5,41.8239,11.8038,38.010000000000005,Dobry
2023-01-12 23:00:00,26.0402,0.38992,1.2962,27.037,43.2256,13.0052,43.400333333333336,Dobry
2023-01-13 00:00:00,23.3844,0.33311,0.93787,24.2193,48.32,9.55241,38.974000000000004,Dobry
2023-01-13 01:00:00,19.8655,0.29358,0.89972,20.292,49.5317,6.2574,33.10916666666667,Dobry
2023-01-13 02:00:00,17.0716,0.26986,1.78607,17.1687,49.7428,3.48553,28.452666666666666,Dobry
2023-01-13 03:00:00,14.621,0.24487,0.7005,14.7248,55.3739,2.98203,24.368333333333336,Bardzo dobry
2023-01-13 04:00:00,12.253,0.23119,0.54179,12.3619,59.0033,2.23233,24.58470833333333,Bardzo dobry
2023-01-13 05:00:00,11.2245,0.21687,0.52974,11.4116,58.0633,2.10486,24.193041666666666,Bardzo dobry
2023-01-13 06:00:00,11.864,0.23282,0.63027,12.2077,55.5283,3.30123,23.136791666666667,Bardzo dobry
2023-01-13 07:00:00,13.2423,0.27766,0.51683,13.8189,48.6678,8.45035,22.070500000000003,Bardzo dobry
2023-01-13 08:00:00,15.3843,0.29806,0.62116,16.1893,42.2956,11.6482,25.6405,Dobry
2023-01-13 09:00:00,15.5085,0.29862,0.67479,16.554,45.8167,9.90878,25.8475,Dobry
2023-01-13 10:00:00,15.5645,0.30274,0.73215,16.6996,45.1617,9.77494,25.940833333333334,Dobry
2023-01-13 11:00:00,15.2032,0.31798,,16.2037,42.7956,9.41485,25.33866666666667,Dobry
2023-01-13 12:00:00,13.9224,0.31996,,14.9803,,10.1106,23.204,Bardzo dobry
2023-01-13 13:00:00,14.2384,0.32084,,15.4171,19.7578,10.7474,23.730666666666668,Bardzo dobry
2023-01-13 14:00:00,13.5798,0.29464,0.55001,14.4386,23.2694,9.18116,22.633000000000003,Bardzo dobry
2023-01-13 15:00:00,17.2786,0.31662,0.51549,18.7979,27.7111,10.4431,28.797666666666668,Dobry
2023-01-13 16:00:00,16.3975,0.35802,0.34451,17.4669,30.5122,11.8957,27.32916666666667,Dobry
2023-01-13 17:00:00,19.1148,0.34432,0.19783,20.5699,33.9017,12.0555,31.857999999999997,Dobry
2023-01-13 18:00:00,16.9133,0.31906,0.50341,17.6837,37.7089,9.59915,28.18883333333333,Dobry
2023-01-13 19:00:00,17.1448,0.30048,0.56197,17.7763,42.1172,9.59171,28.574666666666666,Dobry
2023-01-13 20:00:00,16.217,0.32236,0.51742,16.6835,43.6117,9.61189,27.028333333333332,Dobry
2023-01-13 21:00:00,14.8953,0.30141,0.41855,15.057,44.7856,8.74459,24.8255,Bardzo dobry
2023-01-13 22:00:00,13.9827,0.28768,0.39409,14.1285,46.5722,8.42061,23.3045,Bardzo dobry
2023-01-13 23:00:00,14.7338,0.28334,0.49299,14.8512,49.5189,7.63722,24.556333333333335,Bardzo dobry
2023-01-14 00:00:00,18.2466,0.28663,0.24921,18.5686,50.3867,9.29694,30.411,Dobry
2023-01-14 01:00:00,17.5294,0.28292,0.2828,17.7128,48.7389,6.76726,29.215666666666664,Dobry
2023-01-14 02:00:00,16.3222,0.27114,0.32308,16.4413,47.0089,6.93881,27.203666666666663,Dobry
2023-01-14 03:00:00,16.8427,0.29119,0.39848,17.0269,45.8272,9.44672,28.071166666666667,Dobry
2023-01-14 04:00:00,14.6948,0.27026,0.50044,14.8071,47.5683,9.92206,24.491333333333337,Bardzo dobry
2023-01-14 05:00:00,14.1729,0.26834,0.24586,14.3327,46.005,10.8733,23.6215,Bardzo dobry
2023-01-14 06:00:00,12.7682,0.27541,0.20513,12.8484,43.7783,7.43912,21.280333333333335,Bardzo dobry
2023-01-14 07:00:00,13.3858,0.32256,0.60336,13.4645,40.1656,10.9009,22.30966666666667,Bardzo dobry
2023-01-14 08:00:00,18.7413,0.32696,0.69548,19.0434,33.8822,15.7728,31.2355,Dobry
2023-01-14 09:00:00,21.069,0.39458,1.06368,21.257,31.68,17.5286,35.114999999999995,Dobry
2023-01-14 10:00:00,20.4613,0.41444,1.56712,20.7548,32.5483,17.4028,34.10216666666667,Dobry
2023-01-14 11:00:00,21.0607,0.42783,1.10008,21.4355,30.2789,20.3977,35.10116666666667,Dobry
2023-01-14 12:00:00,21.0422,0.45711,1.19613,22.184,33.0789,18.6275,35.07033333333334,Dobry
2023-01-14 13:00:00,20.2496,0.42956,1.71124,22.7364,38.6511,15.6416,33.74933333333334,Dobry
2023-01-14 14:00:00,24.6551,0.4887,2.11497,31.9701,42.5611,20.4418,41.09183333333334,Dobry
2023-01-14 15:00:00,19.5351,0.43998,1.36546,24.0025,39.7161,20.3095,32.5585,Dobry
2023-01-14 16:00:00,26.9591,0.51848,1.4325,31.4274,14.9172,28.8923,44.93183333333333,Dobry
2023-01-14 17:00:00,36.795,0.62288,1.54071,40.3487,13.3756,30.9174,56.795,Umiarkowany
2023-01-14 18:00:00,40.5318,0.62416,1.30627,43.3096,14.4528,27.5008,60.5318,Umiarkowany
2023-01-14 19:00:00,39.7152,0.57695,1.1237,41.0171,19.1072,20.5262,59.7152,Umiarkowany
2023-01-14 20:00:00,28.739,0.49663,0.87312,29.8986,30.2794,16.0261,47.89833333333334,Dobry
2023-01-14 21:00:00,20.8317,0.39089,0.88101,21.4756,41.6289,12.242,34.719500000000004,Dobry
2023-01-14 22:00:00,19.8073,0.38288,0.91743,20.6919,47.1861,12.5256,33.01216666666667,Dobry
2023-01-14 23:00:00,19.6208,0.36017,1.12599,20.525,52.5439,10.8324,32.70133333333333,Dobry
2023-01-15 00:00:00,17.8823,0.32666,1.44138,18.2872,58.425,7.2288,29.803833333333337,Dobry
2023-01-15 01:00:00,15.027,0.28763,1.03265,15.2525,59.2772,4.70921,25.044999999999998,Dobry
2023-01-15 02:00:00,13.8065,0.26221,0.82362,14.1929,64.335,3.62043,26.80625,Dobry
2023-01-15 03:00:00,13.2691,0.25263,0.54085,13.5874,66.3111,2.21033,27.629624999999997,Dobry
2023-01-15 04:00:00,13.4603,0.24099,2.1622,13.6756,67.5467,2.48855,28.144458333333333,Dobry
2023-01-15 05:00:00,13.2725,0.23223,1.01373,13.4415,69.2194,2.07694,28.841416666666664,Dobry
2023-01-15 06:00:00,11.6045,0.21703,0.75488,12.026,72.9744,1.87405,30.406000000000002,Dobry
2023-01-15 07:00:00,11.6803,0.22722,0.65822,12.2166,72.39,2.26442,30.1625,Dobry
2023-01-15 08:00:00,12.238,0.22837,0.99506,12.8484,72.1444,2.82474,30.060166666666667,Dobry
2023-01-15 09:00:00,13.2246,0.23234,0.94586,14.1179,72.6144,2.93521,30.256,Dobry
2023-01-15 10:00:00,12.6855,0.24058,0.90513,13.2108,73.4511,2.5868,30.604625,Dobry
2023-01-15 11:00:00,12.1137,0.24689,0.59762,13.0375,72.4039,2.15403,30.168291666666665,Dobry
2023-01-15 12:00:00,10.9191,0.24762,0.55846,11.4681,74.9717,1.79872,31.238208333333333,Dobry
2023-01-15 13:00:00,11.2743,0.26134,0.49073,12.182,74.7594,3.1573,31.14975,Dobry
2023-01-15 14:00:00,9.78944,0.28466,0.33087,10.4105,70.9256,4.19881,29.552333333333337,Dobry
2023-01-15 15:00:00,11.3845,0.26866,0.81417,12.3409,68.0044,4.64441,28.33516666666667,Dobry
2023-01-15 16:00:00,14.2686,0.28528,0.98383,14.6282,66.9283,4.17385,27.886791666666664,Dobry
2023-01-15 17:00:00,16.0929,0.27938,0.44735,16.2781,68.4278,5.8017,28.511583333333334,Dobry
2023-01-15 18:00:00,15.8482,0.27441,0.55086,16.0402,68.1067,5.98494,28.377791666666667,Dobry
2023-01-15 19:00:00,15.1582,0.27996,0.58333,15.3116,67.2683,5.34548,28.028458333333333,Dobry
2023-01-15 20:00:00,14.079,0.27005,0.94498,14.171,66.3022,4.72992,27.625916666666665,Dobry
2023-01-15 21:00:00,15.4558,0.32104,1.79558,15.5408,63.8644,8.58154,26.610166666666668,Dobry
2023-01-15 22:00:00,9.61359,0.33239,1.52001,11.3101,60.8594,6.65254,25.358083333333333,Dobry
2023-01-15 23:00:00,7.69679,0.35221,1.43821,9.05505,56.9783,6.1124,23.74095833333333,Bardzo dobry
2023-01-16 00:00:00,8.43277,0.34279,1.01061,9.92091,52.2072,6.49162,21.753,Bardzo dobry
2023-01-16 01:00:00,7.78526,0.28754,0.72259,9.15913,52.0261,6.56916,21.677541666666666,Bardzo dobry
2023-01-16 02:00:00,7.59234,0.27301,0.66947,7.66269,50.3611,6.67326,20.983791666666665,Bardzo dobry
2023-01-16 03:00:00,7.398,0.27988,0.5537,7.52832,48.2372,6.40239,20.098833333333335,Bardzo dobry
2023-01-16 04:00:00,7.15551,0.28743,0.47058,7.21577,47.0006,4.41072,19.58358333333333,Bardzo dobry
2023-01-16 05:00:00,10.3785,0.31584,1.46421,10.5976,40.9011,7.86188,17.297500000000003,Bardzo dobry
2023-01-16 06:00:00,9.90649,0.30618,0.47002,10.0028,34.1683,9.16895,16.510816666666667,Bardzo dobry
2023-01-16 07:00:00,11.7683,0.4203,0.57567,12.0595,21.1444,23.9641,19.613833333333336,Bardzo dobry
2023-01-16 08:00:00,13.7336,0.48906,0.74909,14.0977,7.18944,34.2045,22.889333333333333,Bardzo dobry
2023-01-16 09:00:00,15.6002,0.49701,0.90284,16.3389,8.61611,33.1247,26.00033333333333,Dobry
2023-01-16 10:00:00,13.6603,0.4406,1.03862,14.2736,21.9578,24.0215,22.767166666666668,Bardzo dobry
2023-01-16 11:00:00,13.1075,0.41033,1.23008,13.5122,29.5,19.7604,21.845833333333335,Bardzo dobry
2023-01-16 12:00:00,12.6093,0.44224,1.44535,13.9118,31.3767,18.3513,21.0155,Bardzo dobry
2023-01-16 13:00:00,13.2713,0.413,1.64255,15.3806,29.92,17.3964,22.118833333333335,Bardzo dobry
2023-01-16 14:00:00,14.4117,0.49581,1.71954,17.3043,30.0706,23.4144,24.0195,Bardzo dobry
2023-01-16 15:00:00,14.3335,0.44722,1.75912,15.2286,24.4906,25.8092,23.889166666666668,Bardzo dobry
2023-01-16 16:00:00,20.1409,0.72661,1.27646,23.137,17.1011,38.3455,33.56816666666666,Dobry
2023-01-16 17:00:00,37.2665,0.80874,1.43547,38.6044,13.2211,39.1666,57.2665,Umiarkowany
2023-01-16 18:00:00,30.3263,0.63595,1.95037,31.0148,25.8456,33.8831,50.3263,Umiarkowany
2023-01-16 19:00:00,28.314,0.6215,2.95628,28.967,36.2678,35.1663,47.19,Dobry
2023-01-16 20:00:00,43.3321,0.82747,2.56662,44.5563,28.3967,37.1065,63.3321,Umiarkowany
2023-01-16 21:00:00,47.2846,0.80365,1.89548,48.2722,28.8839,28.4106,67.2846,Umiarkowany
2023-01-16 22:00:00,45.449,0.72048,1.92632,46.319,26.4456,23.2715,65.449,Umiarkowany
2023-01-16 23:00:00,34.4546,0.64989,1.7253,35.3724,31.625,22.6894,54.4546,Umiarkowany
2023-01-17 00:00:00,13.9608,0.34388,1.82403,14.1597,53.6961,8.87418,23.268,Bardzo dobry
2023-01-17 01:00:00,4.79794,0.2456,1.68574,5.64464,63.3933,2.7387,26.413875,Dobry
2023-01-17 02:00:00,6.48462,0.24684,1.62551,7.62896,62.2694,2.03604,25.94558333333333,Dobry
2023-01-17 03:00:00,9.2266,0.23665,1.38376,9.29898,64.3911,2.76305,26.829624999999997,Dobry
2023-01-17 04:00:00,11.4946,0.22931,1.13064,11.6417,68.5433,2.50174,28.559708333333333,Dobry
2023-01-17 05:00:00,13.5245,0.21715,0.94671,13.6949,69.4661,2.80926,28.944208333333332,Dobry
2023-01-17 06:00:00,14.38,0.23889,1.71746,14.5893,65.1322,2.61557,27.138416666666664,Dobry
2023-01-17 07:00:00,13.2898,0.26472,0.81752,13.4475,56.115,8.63093,23.38125,Bardzo dobry
2023-01-17 08:00:00,14.5936,0.34792,1.1842,14.8995,40.6106,16.9922,24.322666666666667,Bardzo dobry
2023-01-17 09:00:00,17.5664,0.32944,1.85604,18.1926,36.6928,16.7771,29.27733333333334,Dobry
2023-01-17 10:00:00,16.8236,0.36472,1.68016,17.6004,44.9922,16.92,28.03933333333333,Dobry
2023-01-17 11:00:00,6.3848,0.31624,0.95835,6.70888,53.6733,10.7331,22.363875,Bardzo dobry
2023-01-17 12:00:00,7.87779,0.34224,0.89149,8.26214,49.9194,16.0766,20.799750000000003,Bardzo dobry
2023-01-17 13:00:00,10.7715,0.37647,1.26394,11.3456,52.5222,21.1248,21.884249999999998,Bardzo dobry
2023-01-17 14:00:00,11.5393,0.41805,2.32468,12.0805,41.1456,29.2481,19.232166666666668,Bardzo dobry
2023-01-17 15:00:00,10.0965,0.41666,2.23017,10.5281,45.9872,25.2818,19.161333333333335,Bardzo dobry
2023-01-17 16:00:00,10.7075,0.52213,1.46424,10.9566,31.2106,23.8797,17.845833333333335,Bardzo dobry
2023-01-17 17:00:00,27.3036,0.64309,1.35334,28.5496,11.1917,44.8161,45.506,Dobry
2023-01-17 18:00:00,22.6652,0.55118,1.22629,23.1113,25.0933,35.1169,37.775333333333336,Dobry
2023-01-17 19:00:00,27.1783,0.58421,1.19354,27.4545,11.1428,39.1151,45.29716666666667,Dobry
2023-01-17 20:00:00,21.7288,0.45019,1.55026,21.9476,35.0494,20.0057,36.214666666666666,Dobry
2023-01-17 21:00:00,21.6561,0.50054,1.42098,21.926,42.7294,24.0555,36.0935,Dobry
2023-01-17 22:00:00,21.0737,0.63198,1.87973,21.4067,44.1072,40.666,35.12283333333333,Dobry
2023-01-17 23:00:00,26.5848,0.62546,2.54964,27.6658,49.635,31.3609,44.30800000000001,Dobry
2023-01-18 00:00:00,36.5577,0.65324,1.81857,37.7197,45.8744,21.9974,56.5577,Umiarkowany
2023-01-18 01:00:00,42.8798,0.61761,0.99059,43.2888,47.2017,15.8965,62.8798,Umiarkowany
2023-01-18 02:00:00,23.3677,0.40482,0.81903,23.5435,58.1622,8.87365,38.94616666666667,Dobry
2023-01-18 03:00:00,10.2067,0.23648,0.96249,10.3096,78.7961,4.7655,32.83170833333333,Dobry
2023-01-18 04:00:00,8.73558,0.2272,0.99526,8.89099,74.625,7.05566,31.09375,Dobry
2023-01-18 05:00:00,10.1135,0.24599,0.68418,10.3246,65.4061,11.3789,27.252541666666666,Dobry
2023-01-18 06:00:00,13.7039,0.36407,0.63819,14.335,50.2739,33.164,22.839833333333335,Bardzo dobry
2023-01-18 07:00:00,18.3717,0.76941,1.4732,19.5608,22.0128,56.168,30.619500000000002,Dobry
2023-01-18 08:00:00,29.9598,1.58419,1.43178,32.2867,0.375,77.0046,49.93300000000001,Dobry
2023-01-18 09:00:00,35.4151,1.09762,1.64409,37.0891,9.23,58.3281,55.4151,Umiarkowany
2023-01-18 10:00:00,17.5623,0.40201,1.2105,18.8823,39.0794,28.5115,29.270500000000002,Dobry
2023-01-18 11:00:00,16.6703,0.52305,2.16205,17.9394,20.0072,36.0405,27.783833333333334,Dobry
2023-01-18 12:00:00,24.3664,0.8195,0.45726,29.2184,17.0333,52.2808,40.61066666666667,Dobry
2023-01-18 13:00:00,18.2699,0.50283,1.47712,18.6199,28.295,33.6649,30.449833333333334,Dobry
2023-01-18 14:00:00,12.853,0.41673,1.72646,13.2056,38.7244,24.3247,21.421666666666667,Bardzo dobry
2023-01-18 15:00:00,14.3468,0.51415,3.4374,14.9033,30.4533,29.9258,23.911333333333335,Bardzo dobry
2023-01-18 16:00:00,12.3282,0.58112,3.0576,12.5511,28.4811,28.9422,20.547,Bardzo dobry
2023-01-18 17:00:00,15.636,0.54012,3.53576,15.9463,17.6739,28.5274,26.06,Dobry
2023-01-18 18:00:00,22.4528,0.64466,3.79218,22.9031,16.3106,31.1708,37.42133333333334,Dobry
2023-01-18 19:00:00,27.0378,0.61621,4.27024,27.4487,16.6156,26.6298,45.063,Dobry
2023-01-18 20:00:00,34.4566,0.68781,3.15508,35.0719,21.115,32.6717,54.4566,Umiarkowany
2023-01-18 21:00:00,30.1147,0.6385,2.62045,31.1374,38.8672,30.0846,50.1147,Umiarkowany
2023-01-18 22:00:00,24.6718,0.55275,2.16934,25.2525,38.675,26.4582,41.119666666666674,Dobry
2023-01-18 23:00:00,19.722,0.52774,2.36353,20.2978,19.9478,25.542,32.870000000000005,Dobry
2023-01-19 00:00:00,20.7193,0.50487,2.10081,21.0771,23.1478,28.8556,34.53216666666667,Dobry
